{
  "Working Directory" : "\/Users\/edwardbaeg\/dropbox\/macbook-dev",
  "Prompt Before Closing 2" : false,
  "Selected Text Color" : {
    "Green Component" : 0.81568628549575806,
    "Red Component" : 0.81568628549575806,
    "Blue Component" : 0.81568628549575806
  },
  "Rows" : 45,
  "Ansi 11 Color" : {
    "Green Component" : 0.70980392160000005,
    "Red Component" : 0.8980392157,
    "Blue Component" : 0.4039215686
  },
  "Use Italic Font" : true,
  "Foreground Color" : {
    "Green Component" : 0.81568628549575806,
    "Red Component" : 0.81568628549575806,
    "Blue Component" : 0.81568628549575806
  },
  "Right Option Key Sends" : 0,
  "Character Encoding" : 4,
  "Selection Color" : {
    "Green Component" : 0.18823529779911041,
    "Red Component" : 0.18823529779911041,
    "Blue Component" : 0.18823529779911041
  },
  "Mouse Reporting" : true,
  "Cursor Boost" : 0,
  "Ansi 4 Color" : {
    "Green Component" : 0.59999999999999998,
    "Red Component" : 0.42352941179999998,
    "Blue Component" : 0.73333333329999995
  },
  "Non-ASCII Anti Aliased" : true,
  "Sync Title" : false,
  "Disable Window Resizing" : true,
  "Description" : "Default",
  "Close Sessions On End" : true,
  "Jobs to Ignore" : [
    "rlogin",
    "ssh",
    "slogin",
    "telnet"
  ],
  "Scrollback Lines" : 1000,
  "Flashing Bell" : true,
  "Cursor Guide Color" : {
    "Red Component" : 0.57789051532745361,
    "Color Space" : "sRGB",
    "Blue Component" : 0.68970233201980591,
    "Alpha Component" : 0.090545654296875,
    "Green Component" : 0.695587158203125
  },
  "BM Growl" : true,
  "AWDS Window Directory" : "\/Users\/edwardbaeg\/dropbox\/macbook-dev",
  "Ansi 3 Color" : {
    "Green Component" : 0.70980392156862748,
    "Red Component" : 0.89803921568627454,
    "Blue Component" : 0.40392156862745099
  },
  "Use Non-ASCII Font" : false,
  "Link Color" : {
    "Red Component" : 0,
    "Color Space" : "sRGB",
    "Blue Component" : 0.73423302173614502,
    "Alpha Component" : 1,
    "Green Component" : 0.35916060209274292
  },
  "Shortcut" : "",
  "Background Image Location" : "",
  "Bold Color" : {
    "Green Component" : 0.81568628549575806,
    "Red Component" : 0.81568628549575806,
    "Blue Component" : 0.81568628549575806
  },
  "Use Cursor Guide" : true,
  "Unlimited Scrollback" : false,
  "Custom Command" : "No",
  "AWDS Tab Option" : "Recycle",
  "Keyboard Map" : {
    "0xf700-0x260000" : {
      "Action" : 10,
      "Text" : "[1;6A"
    },
    "0x37-0x40000" : {
      "Action" : 11,
      "Text" : "0x1f"
    },
    "0x32-0x40000" : {
      "Action" : 11,
      "Text" : "0x00"
    },
    "0xf709-0x20000" : {
      "Action" : 10,
      "Text" : "[17;2~"
    },
    "0xf70c-0x20000" : {
      "Action" : 10,
      "Text" : "[20;2~"
    },
    "0xf729-0x20000" : {
      "Action" : 10,
      "Text" : "[1;2H"
    },
    "0xf72b-0x40000" : {
      "Action" : 10,
      "Text" : "[1;5F"
    },
    "0xf705-0x20000" : {
      "Action" : 10,
      "Text" : "[1;2Q"
    },
    "0xf703-0x260000" : {
      "Action" : 10,
      "Text" : "[1;6C"
    },
    "0xf700-0x220000" : {
      "Action" : 10,
      "Text" : "[1;2A"
    },
    "0xf701-0x280000" : {
      "Action" : 11,
      "Text" : "0x1b 0x1b 0x5b 0x42"
    },
    "0x38-0x40000" : {
      "Action" : 11,
      "Text" : "0x7f"
    },
    "0x33-0x40000" : {
      "Action" : 11,
      "Text" : "0x1b"
    },
    "0xf703-0x220000" : {
      "Action" : 10,
      "Text" : "[1;2C"
    },
    "0xf701-0x240000" : {
      "Action" : 10,
      "Text" : "[1;5B"
    },
    "0xf70d-0x20000" : {
      "Action" : 10,
      "Text" : "[21;2~"
    },
    "0xf702-0x260000" : {
      "Action" : 10,
      "Text" : "[1;6D"
    },
    "0xf729-0x40000" : {
      "Action" : 10,
      "Text" : "[1;5H"
    },
    "0xf706-0x20000" : {
      "Action" : 10,
      "Text" : "[1;2R"
    },
    "0x34-0x40000" : {
      "Action" : 11,
      "Text" : "0x1c"
    },
    "0xf700-0x280000" : {
      "Action" : 11,
      "Text" : "0x1b 0x1b 0x5b 0x41"
    },
    "0x2d-0x40000" : {
      "Action" : 11,
      "Text" : "0x1f"
    },
    "0xf70e-0x20000" : {
      "Action" : 10,
      "Text" : "[23;2~"
    },
    "0xf702-0x220000" : {
      "Action" : 10,
      "Text" : "[1;2D"
    },
    "0xf703-0x280000" : {
      "Action" : 11,
      "Text" : "0x1b 0x1b 0x5b 0x43"
    },
    "0xf700-0x240000" : {
      "Action" : 10,
      "Text" : "[1;5A"
    },
    "0xf707-0x20000" : {
      "Action" : 10,
      "Text" : "[1;2S"
    },
    "0xf70a-0x20000" : {
      "Action" : 10,
      "Text" : "[18;2~"
    },
    "0x35-0x40000" : {
      "Action" : 11,
      "Text" : "0x1d"
    },
    "0xf70f-0x20000" : {
      "Action" : 10,
      "Text" : "[24;2~"
    },
    "0xf703-0x240000" : {
      "Action" : 10,
      "Text" : "[1;5C"
    },
    "0xf701-0x260000" : {
      "Action" : 10,
      "Text" : "[1;6B"
    },
    "0xf702-0x280000" : {
      "Action" : 11,
      "Text" : "0x1b 0x1b 0x5b 0x44"
    },
    "0xf72b-0x20000" : {
      "Action" : 10,
      "Text" : "[1;2F"
    },
    "0x36-0x40000" : {
      "Action" : 11,
      "Text" : "0x1e"
    },
    "0xf708-0x20000" : {
      "Action" : 10,
      "Text" : "[15;2~"
    },
    "0xf701-0x220000" : {
      "Action" : 10,
      "Text" : "[1;2B"
    },
    "0xf70b-0x20000" : {
      "Action" : 10,
      "Text" : "[19;2~"
    },
    "0xf702-0x240000" : {
      "Action" : 10,
      "Text" : "[1;5D"
    },
    "0xf704-0x20000" : {
      "Action" : 10,
      "Text" : "[1;2P"
    }
  },
  "Ansi 14 Color" : {
    "Green Component" : 0.83853216239999995,
    "Red Component" : 0.49031879989999999,
    "Blue Component" : 0.8118151991
  },
  "Ansi 2 Color" : {
    "Green Component" : 0.55576569570000001,
    "Red Component" : 0.49473804389999998,
    "Blue Component" : 0.3144466675
  },
  "Background Image Is Tiled" : false,
  "Send Code When Idle" : false,
  "ASCII Anti Aliased" : true,
  "Tags" : [

  ],
  "Ansi 9 Color" : {
    "Green Component" : 0.25490197539999998,
    "Red Component" : 0.67450982329999998,
    "Blue Component" : 0.2588235438
  },
  "Use Bold Font" : true,
  "Silence Bell" : false,
  "Ansi 12 Color" : {
    "Green Component" : 0.59999999999999998,
    "Red Component" : 0.42352941176470588,
    "Blue Component" : 0.73333333333333328
  },
  "Window Type" : 0,
  "Use Bright Bold" : true,
  "Cursor Text Color" : {
    "Green Component" : 0.08235294371843338,
    "Red Component" : 0.08235294371843338,
    "Blue Component" : 0.08235294371843338
  },
  "Default Bookmark" : "No",
  "Cursor Color" : {
    "Green Component" : 0.81568628549575806,
    "Red Component" : 0.81568628549575806,
    "Blue Component" : 0.81568628549575806
  },
  "Ansi 1 Color" : {
    "Green Component" : 0.25490197539999998,
    "Red Component" : 0.67450982329999998,
    "Blue Component" : 0.2588235438
  },
  "Name" : "Default",
  "Blinking Cursor" : false,
  "Guid" : "72AE5DF2-81B2-4C87-AFAF-E672C91F383B",
  "Idle Code" : 0,
  "Ansi 10 Color" : {
    "Green Component" : 0.55576569570135748,
    "Red Component" : 0.49473804391474724,
    "Blue Component" : 0.31444666754949363
  },
  "Ansi 8 Color" : {
    "Green Component" : 0.31372550129890442,
    "Red Component" : 0.31372550129890442,
    "Blue Component" : 0.31372550129890442
  },
  "Badge Color" : {
    "Red Component" : 1,
    "Color Space" : "sRGB",
    "Blue Component" : 0,
    "Alpha Component" : 0.5,
    "Green Component" : 0.1491314172744751
  },
  "Smart Cursor Color" : false,
  "Ambiguous Double Width" : false,
  "Blur Radius" : 18.250352950507615,
  "Ansi 0 Color" : {
    "Green Component" : 0.08235294371843338,
    "Red Component" : 0.08235294371843338,
    "Blue Component" : 0.08235294371843338
  },
  "AWDS Pane Directory" : "\/Users\/edwardbaeg\/dropbox\/macbook-dev",
  "Blur" : true,
  "Vertical Spacing" : 1,
  "Normal Font" : "HackNerdFontC-Regular 14",
  "Ansi 7 Color" : {
    "Green Component" : 0.81568628549575806,
    "Red Component" : 0.81568628549575806,